s1,Movie,Dick Johnson Is Dead,Kirsten Johnson,,United States,"September 25, 2021",2020,PG-13,90 min,Documentaries,"As her father nears the end of his life, filmmaker Kirsten Johnson stages his death in inventive and comical ways to help them both face the inevitable."
s2,TV Show,Blood & Water,,"Ama Qamata, Khosi Ngema, Gail Mabalane, Thabang Molaba, Dillon Windvogel, Natasha Thahane, Arno Greeff, Xolile Tshabalala, Getmore Sithole, Cindy Mahlangu, Ryle De Morny, Greteli Fincham, Sello Maake Ka-Ncube, Odwa Gwanya, Mekaila Mathys, Sandi Schultz, Duane Williams, Shamilla Miller, Patrick Mofokeng",South Africa,"September 24, 2021",2021,TV-MA,2 Seasons,"International TV Shows, TV Dramas, TV Mysteries","After crossing paths at a party, a Cape Town teen sets out to prove whether a private-school swimming star is her sister who was abducted at birth."
s3,TV Show,Ganglands,Julien Leclercq,"Sami Bouajila, Tracy Gotoas, Samuel Jouy, Nabiha Akkari, Sofia Lesaffre, Salim Kechiouche, Noureddine Farihi, Geert Van Rampelberg, Bakary Diombera",,"September 24, 2021",2021,TV-MA,1 Season,"Crime TV Shows, International TV Shows, TV Action & Adventure","To protect his family from a powerful drug lord, skilled thief Mehdi and his expert team of robbers are pulled into a violent and deadly turf war."
s4,TV Show,Jailbirds New Orleans,,,,"September 24, 2021",2021,TV-MA,1 Season,"Docuseries, Reality TV","Feuds, flirtations and toilet talk go down among the incarcerated women at the Orleans Justice Center in New Orleans on this gritty reality series."
s5,TV Show,Kota Factory,,"Mayur More, Jitendra Kumar, Ranjan Raj, Alam Khan, Ahsaas Channa, Revathi Pillai, Urvi Singh, Arun Kumar",India,"September 24, 2021",2021,TV-MA,2 Seasons,"International TV Shows, Romantic TV Shows, TV Comedies","In a city of coaching centers known to train India’s finest collegiate minds, an earnest but unexceptional student and his friends navigate campus life."
s6,TV Show,Midnight Mass,Mike Flanagan,"Kate Siegel, Zach Gilford, Hamish Linklater, Henry Thomas, Kristin Lehman, Samantha Sloyan, Igby Rigney, Rahul Kohli, Annarah Cymone, Annabeth Gish, Alex Essoe, Rahul Abburi, Matt Biedel, Michael Trucco, Crystal Balint, Louis Oliver",,"September 24, 2021",2021,TV-MA,1 Season,"TV Dramas, TV Horror, TV Mysteries","The arrival of a charismatic young priest brings glorious miracles, ominous mysteries and renewed religious fervor to a dying town desperate to believe."
s7,Movie,My Little Pony: A New Generation,"Robert Cullen, José Luis Ucha","Vanessa Hudgens, Kimiko Glenn, James Marsden, Sofia Carson, Liza Koshy, Ken Jeong, Elizabeth Perkins, Jane Krakowski, Michael McKean, Phil LaMarr",,"September 24, 2021",2021,PG,91 min,Children & Family Movies,"Equestria's divided. But a bright-eyed hero believes Earth Ponies, Pegasi and Unicorns should be pals — and, hoof to heart, she’s determined to prove it."
s9,TV Show,The Great British Baking Show,Andy Devonshire,"Mel Giedroyc, Sue Perkins, Mary Berry, Paul Hollywood",United Kingdom,"September 24, 2021",2021,TV-14,9 Seasons,"British TV Shows, Reality TV","A talented batch of amateur bakers face off in a 10-week competition, whipping up their best dishes in the hopes of being named the U.K.'s best."
s10,Movie,The Starling,Theodore Melfi,"Melissa McCarthy, Chris O'Dowd, Kevin Kline, Timothy Olyphant, Daveed Diggs, Skyler Gisondo, Laura Harrier, Rosalind Chao, Kimberly Quinn, Loretta Devine, Ravi Kapoor",United States,"September 24, 2021",2021,PG-13,104 min,"Comedies, Dramas",A woman adjusting to life after a loss contends with a feisty bird that's taken over her garden — and a husband who's struggling to find a way forward.
s11,TV Show,"Vendetta: Truth, Lies and The Mafia",,,,"September 24, 2021",2021,TV-MA,1 Season,"Crime TV Shows, Docuseries, International TV Shows","Sicily boasts a bold ""Anti-Mafia"" coalition. But what happens when those trying to bring down organized crime are accused of being criminals themselves?"
s12,TV Show,Bangkok Breaking,Kongkiat Komesiri,"Sukollawat Kanarot, Sushar Manaying, Pavarit Mongkolpisit, Sahajak Boonthanakit, Suthipongse Thatphithakkul, Bhasaworn Bawronkirati, Daweerit Chullasapya, Waratthaya Wongchayaporn, Kittiphoom Wongpentak, Abhicha Thanachanun, Nophand Boonyai, Kittipong Khamsat, Arisara Wongchalee, Jaytiya Naiwattanakul, Pantipa Arunwattanachai, Panupan Jantanawong, Kungtap Saelim, Phumphat Chartsuriyakiat, Issara Veranitinunt, Keerati Sivakuae, Panjai Sirisuwan, Supranee Charoenpol, Suda Chuenban, Visaka Banhansupavat, Pitchatorn Santinatornkul",,"September 23, 2021",2021,TV-MA,1 Season,"Crime TV Shows, International TV Shows, TV Action & Adventure","Struggling to earn a living in Bangkok, a man joins an emergency rescue service and realizes he must unravel a citywide conspiracy."
s13,Movie,Je Suis Karl,Christian Schwochow,"Luna Wedler, Jannis Niewöhner, Milan Peschel, Edin Hasanović, Anna Fialová, Marlon Boess, Victor Boccard, Fleur Geffrier, Aziz Dyab, Mélanie Fouché, Elizaveta Maximová","Germany, Czech Republic","September 23, 2021",2021,TV-MA,127 min,"Dramas, International Movies","After most of her family is murdered in a terrorist bombing, a young woman is unknowingly lured into joining the very group that killed them."
s14,Movie,Confessions of an Invisible Girl,Bruno Garotti,"Klara Castanho, Lucca Picon, Júlia Gomes, Marcus Bessa, Kiria Malheiros, Fernanda Concon, Gabriel Lima, Caio Cabral, Leonardo Cidade, Jade Cardozo",,"September 22, 2021",2021,TV-PG,91 min,"Children & Family Movies, Comedies","When the clever but socially-awkward Tetê joins a new school, she'll do anything to fit in. But the queen bee among her classmates has other ideas."
s15,TV Show,Crime Stories: India Detectives,,,,"September 22, 2021",2021,TV-MA,1 Season,"British TV Shows, Crime TV Shows, Docuseries",Cameras following Bengaluru police on the job offer a rare glimpse into the complex and challenging inner workings of four major crime investigations.
s16,TV Show,Dear White People,,"Logan Browning, Brandon P. Bell, DeRon Horton, Antoinette Robertson, John Patrick Amedori, Ashley Blaine Featherson, Marque Richardson, Giancarlo Esposito",United States,"September 22, 2021",2021,TV-MA,4 Seasons,"TV Comedies, TV Dramas","Students of color navigate the daily slights and slippery politics of life at an Ivy League college that's not nearly as ""post-racial"" as it thinks."
s17,Movie,Europe's Most Dangerous Man: Otto Skorzeny in Spain,"Pedro de Echave García, Pablo Azorín Williams",,,"September 22, 2021",2020,TV-MA,67 min,"Documentaries, International Movies","Declassified documents reveal the post-WWII life of Otto Skorzeny, a close Hitler ally who escaped to Spain and became an adviser to world presidents."
s18,TV Show,Falsa identidad,,"Luis Ernesto Franco, Camila Sodi, Sergio Goyri, Samadhi Zendejas, Eduardo Yáñez, Sonya Smith, Alejandro Camacho, Azela Robinson, Uriel del Toro, Géraldine Bazán, Gabriela Roel, Marcus Ornellas",Mexico,"September 22, 2021",2020,TV-MA,2 Seasons,"Crime TV Shows, Spanish-Language TV Shows, TV Dramas",Strangers Diego and Isabel flee their home in Mexico and pretend to be a married couple to escape his drug-dealing enemies and her abusive husband.
s19,Movie,Intrusion,Adam Salky,"Freida Pinto, Logan Marshall-Green, Robert John Burke, Megan Elisabeth Kelly, Sarah Minnich, Hayes Hargrove, Mark Sivertsen, Brandon Fierro, Antonio Valles, Clint Obenchain",,"September 22, 2021",2021,TV-14,94 min,Thrillers,"After a deadly home invasion at a couple’s new dream house, the traumatized wife searches for answers — and learns the real danger is just beginning."
s20,TV Show,Jaguar,,"Blanca Suárez, Iván Marcos, Óscar Casas, Adrián Lastra, Francesc Garrido, Stefan Weinert, Julia Möller, Alicia Chojnowski",,"September 22, 2021",2021,TV-MA,1 Season,"International TV Shows, Spanish-Language TV Shows, TV Action & Adventure","In the 1960s, a Holocaust survivor joins a group of self-trained spies who seek justice against Nazis fleeing to Spain to hide after WWII."
s21,TV Show,Monsters Inside: The 24 Faces of Billy Milligan,Olivier Megaton,,,"September 22, 2021",2021,TV-14,1 Season,"Crime TV Shows, Docuseries, International TV Shows","In the late 1970s, an accused serial rapist claims multiple personalities control his behavior, setting off a legal odyssey that captivates America."
s24,Movie,Go! Go! Cory Carson: Chrissy Takes the Wheel,"Alex Woo, Stanley Moore","Maisie Benson, Paul Killam, Kerry Gudjohnsen, AC Lim",,"September 21, 2021",2021,TV-Y,61 min,Children & Family Movies,"From arcade games to sled days and hiccup cures, Cory Carson’s curious little sister Chrissy speeds off on her own for fun and adventure all over town!"
s26,TV Show,Love on the Spectrum,,Brooke Satchwell,Australia,"September 21, 2021",2021,TV-14,2 Seasons,"Docuseries, International TV Shows, Reality TV","Finding love can be hard for anyone. For young adults on the autism spectrum, exploring the unpredictable world of dating is even more complicated."
s31,Movie,Ankahi Kahaniya,"Ashwiny Iyer Tiwari, Abhishek Chaubey, Saket Chaudhary","Abhishek Banerjee, Rinku Rajguru, Delzad Hiwale, Kunal Kapoor, Zoya Hussain, Nikhil Dwivedi, Palomi Ghosh",,"September 17, 2021",2021,TV-14,111 min,"Dramas, Independent Movies, International Movies","As big city life buzzes around them, lonely souls discover surprising sources of connection and companionship in three tales of love, loss and longing."
s32,TV Show,Chicago Party Aunt,,"Lauren Ash, Rory O'Malley, RuPaul Charles, Jill Talley, Ike Barinholtz, Jon Barinholtz, Matthew Craig, Bob Odenkirk, Mike Hagerty, Katie Rich, Chris Witaske",,"September 17, 2021",2021,TV-MA,1 Season,TV Comedies,Chicago Party Aunt Diane is an idolized troublemaker with a talent for avoiding adulthood — and a soft spot for her soul-searching nephew.
s33,TV Show,Sex Education,,"Asa Butterfield, Gillian Anderson, Ncuti Gatwa, Emma Mackey, Connor Swindells, Kedar Williams-Stirling, Alistair Petrie",United Kingdom,"September 17, 2021",2020,TV-MA,3 Seasons,"British TV Shows, International TV Shows, TV Comedies","Insecure Otis has all the answers when it comes to sex advice, thanks to his therapist mom. So rebel Maeve proposes a school sex-therapy clinic."
s34,TV Show,Squid Game,,"Lee Jung-jae, Park Hae-soo, Wi Ha-jun, Oh Young-soo, Jung Ho-yeon, Heo Sung-tae, Kim Joo-ryoung, Tripathi Anupam, You Seong-joo, Lee You-mi",,"September 17, 2021",2021,TV-MA,1 Season,"International TV Shows, TV Dramas, TV Thrillers","Hundreds of cash-strapped players accept a strange invitation to compete in children's games. Inside, a tempting prize awaits — with deadly high stakes."
s35,TV Show,Tayo and Little Wizards,,"Dami Lee, Jason Lee, Bommie Catherine Han, Jennifer Waescher, Nancy Kim",,"September 17, 2021",2020,TV-Y7,1 Season,Kids' TV,Tayo speeds into an adventure when his friends get kidnapped by evil magicians invading their city in search of a magical gemstone.
s36,Movie,The Father Who Moves Mountains,Daniel Sandu,"Adrian Titieni, Elena Purea, Judith State, Valeriu Andriuță, Tudor Smoleanu, Virgil Aioanei, Radu Botar, Petronela Grigorescu, Bogdan Nechifor, Cristian Bota",,"September 17, 2021",2021,TV-MA,110 min,"Dramas, International Movies, Thrillers","When his son goes missing during a snowy hike in the mountains, a retired intelligence officer will stop at nothing — and risk everything — to find him."
s37,Movie,The Stronghold,Cédric Jimenez,"Gilles Lellouche, Karim Leklou, François Civil, Adèle Exarchopoulos, Kenza Fortas, Cyril Lecomte, Michaël Abiteboul, Idir Azougli, Vincent Darmuzey, Jean-Yves Berteloot",,"September 17, 2021",2021,TV-MA,105 min,"Action & Adventure, Dramas, International Movies","Tired of the small-time grind, three Marseille cops get a chance to bust a major drug network. But lines blur when a key informant makes a big ask."
s40,TV Show,Chhota Bheem,,"Vatsal Dubey, Julie Tejwani, Rupa Bhimani, Jigna Bhardwaj, Rajesh Kava, Mousam, Swapnil",India,"September 16, 2021",2021,TV-Y7,3 Seasons,Kids' TV,"A brave, energetic little boy with superhuman powers leads his friends on exciting adventures to guard their fellow Dholakpur villagers from evil."
s41,TV Show,He-Man and the Masters of the Universe,,"Yuri Lowenthal, Kimberly Brooks, Antony Del Rio, Trevor Devall, Ben Diskin, Grey Griffin, David Kaye, Tom Kenny, Judy Alice Lee, Roger Craig Smith, Fred Tatasciore",United States,"September 16, 2021",2021,TV-Y7,1 Season,"Kids' TV, TV Sci-Fi & Fantasy",Mighty teen Adam and his heroic squad of misfits discover the legendary power of Grayskull — and their destiny to defend Eternia from sinister Skeletor.
s46,Movie,My Heroes Were Cowboys,Tyler Greco,,,"September 16, 2021",2021,PG,23 min,Documentaries,"Robin Wiltshire's painful childhood was rescued by Westerns. Now he lives on the frontier of his dreams, training the horses he loves for the big screen."
s48,TV Show,The Smart Money Woman,Bunmi Ajakaiye,"Osas Ighodaro, Ini Dima-Okojie, Kemi Lala Akindoju, Toni Tones, Ebenezer Eno, Eso Okolocha DIke, Patrick Diabuah, Karibi Fubara, Temisan Emmanuel, Timini Egbuson",,"September 16, 2021",2020,TV-MA,1 Season,"International TV Shows, Romantic TV Shows, TV Comedies","Five glamorous millennials strive for success as they juggle careers, finances, love and friendships. Based on Arese Ugwu's 2016 best-selling novel."
s50,TV Show,Castle and Castle,,"Richard Mofe-Damijo, Dakore Akande, Bimbo Manuel, Blossom Chukwujekwu, Deyemi Okanlawon, Etim Effiong, Denola Grey, Duke Akintola, Eku Edewor, Ade Laoye, Anee Icha, Kevin Ushi, Jude Chukwuka, Amanda Afolabi",Nigeria,"September 15, 2021",2021,TV-MA,2 Seasons,"International TV Shows, TV Dramas","A pair of high-powered, successful lawyers find themselves defending opposite interests of the justice system, causing a strain on their happy marriage."
s56,TV Show,Nailed It,,"Nicole Byer, Jacques Torres",United States,"September 15, 2021",2021,TV-PG,6 Seasons,Reality TV,"Home bakers with a terrible track record take a crack at re-creating edible masterpieces for a $10,000 prize. It's part reality contest, part hot mess."
s65,Movie,Nightbooks,David Yarovesky,"Winslow Fegley, Lidya Jewett, Krysten Ritter",,"September 15, 2021",2021,TV-PG,103 min,Children & Family Movies,Scary story fan Alex must tell a spine-tingling tale every night — or stay trapped with his new friend in a wicked witch's magical apartment forever.
s66,TV Show,Numberblocks,,"Beth Chalmers, David Holt, Marcel McCalla, Teresa Gallagher",United Kingdom,"September 15, 2021",2021,TV-Y,6 Seasons,Kids' TV,"In a place called Numberland, math adds up to tons of fun when a group of cheerful blocks work, play and sing together."
s69,Movie,Schumacher,"Hanns-Bruno Kammertöns, Vanessa Nöcker, Michael Wech",Michael Schumacher,,"September 15, 2021",2021,TV-14,113 min,"Documentaries, International Movies, Sports Movies","Through exclusive interviews and archival footage, this documentary traces an intimate portrait of seven-time Formula 1 champion Michael Schumacher."
s71,TV Show,Too Hot To Handle: Latino,,Itatí Cantoral,,"September 15, 2021",2021,TV-MA,1 Season,"International TV Shows, Reality TV, Romantic TV Shows","On this reality show, singles from Latin America and Spain are challenged to give up sex. But here, abstinence comes with a silver lining: US$100,000."
s72,Movie,A StoryBots Space Adventure,David A. Vargas,"Evan Spiridellis, Erin Fitzgerald, Jeff Gill, Fred Tatasciore, Evan Michael Lee, Jared Isaacman, Sian Proctor, Chris Sembroski, Hayley Arceneaux",,"September 14, 2021",2021,TV-Y,13 min,Children & Family Movies,Join the StoryBots and the space travelers of the historic Inspiration4 mission as they search for answers to kids' questions about space.
s73,TV Show,Jack Whitehall: Travels with My Father,,"Jack Whitehall, Michael Whitehall",United Kingdom,"September 14, 2021",2021,TV-MA,5 Seasons,"British TV Shows, Docuseries, International TV Shows","Jovial comic Jack Whitehall invites his stuffy father, Michael, to travel with him through Southeast Asia in an attempt to strengthen their bond."
s75,TV Show,The World's Most Amazing Vacation Rentals,,,,"September 14, 2021",2021,TV-PG,2 Seasons,Reality TV,"With an eye for every budget, three travelers visit vacation rentals around the globe and share their expert tips and tricks in this reality series."
s76,Movie,You vs. Wild: Out Cold,Ben Simms,"Bear Grylls, Jason Derek Prempeh",,"September 14, 2021",2021,TV-G,106 min,Children & Family Movies,"After a plane crash leaves Bear with amnesia, he must make choices to save the missing pilot and survive in this high-stakes interactive adventure."
s78,Movie,Little Singham - Black Shadow,Prakash Satam,"Sumriddhi Shukla, Jigna Bharadwaj, Sonal Kaushal, Neshma Chemburkar, Ganesh Divekar, Annamaya Verma, Anamay Verma, Manoj Pandey",,"September 11, 2021",2021,TV-Y7,48 min,"Children & Family Movies, Comedies",Kid cop Little Singham loses all his superpowers while trying to stop the demon Kaal’s new evil plans! Can his inner strength help him defeat the enemy?
s79,Movie,Tughlaq Durbar,Delhiprasad Deenadayalan,"Vijay Sethupathi, Parthiban, Raashi Khanna",,"September 11, 2021",2020,TV-14,145 min,"Comedies, Dramas, International Movies",A budding politician has devious plans to rise in the ranks — until an unexpected new presence begins to interfere with his every crooked move.
s80,Movie,Tughlaq Durbar (Telugu),Delhiprasad Deenadayalan,"Vijay Sethupathi, Parthiban, Raashi Khanna",,"September 11, 2021",2021,TV-14,145 min,"Comedies, Dramas, International Movies",A budding politician has devious plans to rise in the ranks — until an unexpected new presence begins to interfere with his every crooked move.
s81,Movie,Firedrake the Silver Dragon,Tomer Eshed,"Thomas Brodie-Sangster, Felicity Jones, Freddie Highmore, Patrick Stewart, Meera Syal, Sanjeev Bhaskar, Nonso Anozie",,"September 10, 2021",2021,TV-Y7,93 min,Children & Family Movies,"When his home is threatened by humans, a young dragon summons the courage to seek a mythical paradise where dragons can live in peace and fly free."
s82,Movie,Kate,Cedric Nicolas-Troyan,"Mary Elizabeth Winstead, Jun Kunimura, Woody Harrelson, Tadanobu Asano, Miyavi, Michiel Huisman, Miku Martineau",United States,"September 10, 2021",2021,R,106 min,Action & Adventure,"Slipped a fatal poison on her final job, a ruthless assassin working in Tokyo has less than 24 hours to find out who ordered the hit and exact revenge."
s83,TV Show,Lucifer,,"Tom Ellis, Lauren German, Kevin Alejandro, D.B. Woodside, Lesley-Ann Brandt, Scarlett Estevez, Rachael Harris, Aimee Garcia, Tricia Helfer, Tom Welling, Jeremiah W. Birkett, Pej Vahdat, Michael Gladis",United States,"September 10, 2021",2021,TV-14,6 Seasons,"Crime TV Shows, TV Comedies, TV Dramas","Bored with being the Lord of Hell, the devil relocates to Los Angeles, where he opens a nightclub and forms a connection with a homicide detective."
s84,TV Show,Metal Shop Masters,,Jo Koy,,"September 10, 2021",2021,TV-MA,1 Season,Reality TV,"On this competition show, a group of metal artists torch, cut and weld epic, badass creations from hardened steel. Only one will win a $50,000 prize."
s85,Movie,Omo Ghetto: the Saga,"JJC Skillz, Funke Akindele","Funke Akindele, Ayo Makun, Chioma Chukwuka Akpotha, Yemi Eberechi Alade, Blossom Chukwujekwu, Deyemi Okanlawon, Alexx Ekubo, Zubby Michael, Tina Mba, Femi Jacobs",Nigeria,"September 10, 2021",2020,TV-MA,147 min,"Action & Adventure, Comedies, Dramas","Twins are reunited as a good-hearted female gangster and her uptight rich sister take on family, crime, cops and all of the trouble that follows them."
s86,TV Show,Pokémon Master Journeys: The Series,,"Ikue Otani, Sarah Natochenny, Zeno Robinson, Cherami Leigh, James Carter Cathcart, Michele Knotz, Rodger Parsons, Ray Chase, Casey Mongillo, Tara Sands",,"September 10, 2021",2021,TV-Y7,1 Season,"Anime Series, Kids' TV","As Ash battles his way through the World Coronation Series, Goh continues his quest to catch every Pokémon. Together, they're on a journey to adventure!"
s87,Movie,Prey,Thomas Sieben,"David Kross, Hanno Koffler, Maria Ehrich, Robert Finster, Yung Ngo, Klaus Steinbacher, Livia Matthes, Nellie Thalbach",,"September 10, 2021",2021,TV-MA,87 min,"International Movies, Thrillers",A hiking trip into the wild turns into a desperate bid for survival for five friends on the run from a mysterious shooter.
s89,Movie,Blood Brothers: Malcolm X & Muhammad Ali,Marcus Clarke,"Malcolm X, Muhammad Ali",,"September 9, 2021",2021,PG-13,96 min,"Documentaries, Sports Movies","From a chance meeting to a tragic fallout, Malcolm X and Muhammad Ali's extraordinary bond cracks under the weight of distrust and shifting ideals."
s92,Movie,The Women and the Murderer,"Mona Achache, Patricia Tourancheau",,France,"September 9, 2021",2021,TV-14,92 min,"Documentaries, International Movies",This documentary traces the capture of serial killer Guy Georges through the tireless work of two women: a police chief and a victim's mother.
s93,TV Show,Into the Night,,"Pauline Etienne, Laurent Capelluto, Stefano Cassetti, Mehmet Kurtuluş, Babetida Sadjo, Jan Bijvoet, Ksawery Szlenkier, Vincent Londez, Regina Bikkinina, Alba Gaïa Kraghede Bellugi, Nabil Mallat",Belgium,"September 8, 2021",2021,TV-MA,2 Seasons,"International TV Shows, TV Dramas, TV Mysteries",Passengers and crew aboard a hijacked overnight flight scramble to outrace the sun as a mysterious cosmic event wreaks havoc on the world below.
s94,Movie,JJ+E,Alexis Almström,"Elsa Öhrn, Mustapha Aarab, Jonay Pineda Skallak, Magnus Krepper, Loreen, Albin Grenholm, Simon Mezher, Elsa Bergström Terent, Josef Kadim, Yohannes Frezgi",,"September 8, 2021",2021,TV-MA,91 min,"Dramas, International Movies, Romantic Movies","Elisabeth and John-John live in the same city, but they inhabit different worlds. Can a passionate first love break through class and cultural barriers?"
s96,TV Show,The Circle,,Michelle Buteau,"United States, United Kingdom","September 8, 2021",2021,TV-MA,3 Seasons,Reality TV,"Status and strategy collide in this social experiment and competition show where online players flirt, befriend and catfish their way toward $100,000."
s98,TV Show,Kid Cosmic,,"Jack Fisher, Tom Kenny, Amanda C. Miller, Kim Yarbrough, Keith Ferguson, Grey Griffin, Lily Rose Silver",United States,"September 7, 2021",2021,TV-Y7,2 Seasons,"Kids' TV, TV Comedies, TV Sci-Fi & Fantasy",A boy's superhero dreams come true when he finds five powerful cosmic stones. But saving the day is harder than he imagined — and he can't do it alone.
s99,TV Show,Octonauts: Above & Beyond,,"Antonio Aakeel, Chipo Chung, Simon Foster, Teresa Gallagher, Simon Greenall, Kate Harbour, Paul Panting, Rob Rackstraw, William Vanderpuye, Helen Walsh, Keith Wickham, Andres Williams, Jo Wyatt",United Kingdom,"September 7, 2021",2021,TV-Y,1 Season,"British TV Shows, Kids' TV","The Octonauts expand their exploration beyond the sea — and onto land! With new rides and new friends, they'll protect any habitats and animals at risk."
s100,TV Show,On the Verge,,"Julie Delpy, Elisabeth Shue, Sarah Jones, Alexia Landeau, Mathieu Demy, Troy Garity, Timm Sharp, Giovanni Ribisi","France, United States","September 7, 2021",2021,TV-MA,1 Season,"TV Comedies, TV Dramas","Four women — a chef, a single mom, an heiress and a job seeker — dig into love and work, with a generous side of midlife crises, in pre-pandemic LA."
s102,Movie,Untold: Breaking Point,"Chapman Way, Maclain Way",,United States,"September 7, 2021",2021,TV-MA,80 min,"Documentaries, Sports Movies","Under pressure to continue a winning tradition in American tennis, Mardy Fish faced mental health challenges that changed his life on and off the court."
s103,TV Show,Countdown: Inspiration4 Mission to Space,Jason Hehir,,,"September 6, 2021",2021,TV-14,1 Season,"Docuseries, Science & Nature TV","From training to launch to landing, this all-access docuseries rides along with the Inspiration4 crew on the first all-civilian orbital space mission."
s104,Movie,Shadow Parties,Yemi Amodu,"Jide Kosoko, Omotola Jalade-Ekeinde, Yemi Blaq, Sola Sobowale, Ken Erics, Toyin Aimakhu, Segun Arinze, Jibola Dabo, Rotimi Salami, Pa Jimi Solanke, Rachael Okonkwo, Bassey Okon, Lucien Morgan, Magdalena Korpas",,"September 6, 2021",2020,TV-MA,117 min,"Dramas, International Movies, Thrillers",A family faces destruction in a long-running conflict between communities that pits relatives against each other amid attacks and reprisals.
s107,TV Show,Bunk'd,,"Peyton List, Karan Brar, Skai Jackson, Miranda May, Kevin G. Quinn, Nathan Arenas, Nina Lu",United States,"September 5, 2021",2021,TV-G,5 Seasons,"Kids' TV, TV Comedies","The Ross siblings of Disney's hit series ""Jessie"" spend a summer full of fun and adventure at Maine's Camp Kikiwaka, where their parents first met."
s109,TV Show,Dive Club,,"Aubri Ibrag, Sana'a Shaik, Miah Madden, Mercy Cornwall, Georgia-May Davis, Ryan Harrison, Josh Heuston, Alexander Grant",Australia,"September 3, 2021",2021,TV-G,1 Season,"Kids' TV, TV Dramas, Teen TV Shows","On the shores of Cape Mercy, a skillful group of teen divers investigate a series of secrets and signs after one of their own mysteriously goes missing."
s110,TV Show,La casa de papel,,"Úrsula Corberó, Itziar Ituño, Álvaro Morte, Paco Tous, Enrique Arce, Pedro Alonso, María Pedraza, Alba Flores, Miguel Herrán, Jaime Lorente, Esther Acebo, Darko Peric, Kiti Mánver",Spain,"September 3, 2021",2021,TV-MA,5 Seasons,"Crime TV Shows, International TV Shows, Spanish-Language TV Shows",Eight thieves take hostages and lock themselves in the Royal Mint of Spain as a criminal mastermind manipulates the police to carry out his plan.
s111,TV Show,Money Heist: From Tokyo to Berlin,"Luis Alfaro, Javier Gómez Santander",,,"September 3, 2021",2021,TV-MA,1 Season,"Docuseries, International TV Shows, Spanish-Language TV Shows","The filmmakers and actors behind ""Money Heist"" characters like Tokyo and the Professor talk about the emotional artistic process of filming the series."
s112,TV Show,Sharkdog,,"Liam Mitchell, Dee Bradley Baker, Grey Griffin, Josh McDermitt, Kari Wahlgren, Judy Alice Lee, Ali Mawji","United States, Singapore","September 3, 2021",2021,TV-Y,1 Season,Kids' TV,"Half shark, half dog with a big heart and a belly full of fish sticks! Together, Sharkdog and his human pal Max can take on any silly or messy adventure."
s113,Movie,Worth,Sara Colangelo,"Michael Keaton, Stanley Tucci, Amy Ryan, Shunori Ramanathan, Ato Blankson-Wood, Tate Donovan, Laura Benanti, Chris Tardio",,"September 3, 2021",2021,PG-13,119 min,Dramas,"In the wake of the Sept. 11 attacks, a lawyer faces an emotional reckoning as he attempts to put a dollar value on the lives lost. Based on real events."
s114,Movie,Afterlife of the Party,Stephen Herek,"Victoria Justice, Midori Francis, Robyn Scott, Adam Garcia, Timothy Renouf, Gloria Garcia, Myfanwy Waring, Spencer Sutherland",,"September 2, 2021",2021,TV-PG,110 min,"Comedies, Romantic Movies",Cassie lives to party... until she dies in a freak accident. Now this social butterfly needs to right her wrongs on Earth if she wants to earn her wings.
s118,Movie,Final Account,Luke Holland,,"United Kingdom, United States","September 2, 2021",2021,PG-13,94 min,Documentaries,This documentary stitches together never-before-seen interviews with the last living generation of people who participated in Hitler's Third Reich.
s120,Movie,Here and There,JP Habac,"Janine Gutierrez, JC Santos, Victor Anastacio, Yesh Burce, Lotlot De Leon",,"September 2, 2021",2020,TV-MA,99 min,"Dramas, International Movies, Romantic Movies","After meeting through a heated exchange on social media, two people with different backgrounds begin an online romance in the midst of a pandemic."
s121,TV Show,Heroes of Goo Jit Zu,,"Jon Allen, Kellen Goff, Joe Hernandez, Kaiji Tang",Australia,"September 2, 2021",2021,TV-Y7,1 Season,"Kids' TV, TV Comedies","After a meteor crash, a group of zoo animals transforms into squishy, gooey and stretchy superheroes with special powers and soon takes on evildoers."
s126,TV Show,Q-Force,,"Sean Hayes, Wanda Sykes, Laurie Metcalf, David Harbour, Gary Cole, Patti Harrison, Matt Rogers",United States,"September 2, 2021",2021,TV-MA,1 Season,"Crime TV Shows, TV Action & Adventure, TV Comedies","A gay superspy and his scrappy LGBTQ squad fight to prove themselves to the agency that underestimated them. Today, West Hollywood… tomorrow, the world!"
s127,Movie,Shikara,Vidhu Vinod Chopra,"Aadil Khan, Sadia Khateeb, Zain Khan Durrani, Priyanshu Chatterjee, Bhavna Chauhan, Ashwin Dhar, Farid Azad Khan, Saghar Sehrai",India,"September 2, 2021",2020,TV-14,115 min,"Dramas, International Movies, Romantic Movies",A couple must strive to remain resilient after regional hostilities drive them from their beloved home into a refugee camp.
s131,Movie,Barbie Big City Big Dreams,Scott Pleydell-Pearce,"America Young, Amber May, Giselle Fernandez, Alejandro Saab, Dinora Walcott",,"September 1, 2021",2021,TV-Y,63 min,"Children & Family Movies, Music & Musicals","At a summer performing arts program in New York City, Barbie from Malibu meets Barbie from Brooklyn, and the two become fast friends."
s133,TV Show,Brave Animated Series,,"Tseng Yun-fan, Kao Yun-shuo, Chiang Ching-yen, Meng Ching-fu, Huang Bai-wei, Ma Kuo-yao, Chen Yen-chun, Sun Ke-fang, Kai Yang-niu, Chen Yu-wen, Nick Liao, Lin Kai-ling, Mickey Huang, Liu Kuan-ting, Jiang Du-hui",,"September 1, 2021",2021,TV-MA,1 Season,"International TV Shows, TV Action & Adventure, TV Comedies",A group of superheroes sets out to rid the world of evil — only to realize they may not be standing on the side of justice. Based on a popular comic.
s148,TV Show,How to Be a Cowboy,,,,"September 1, 2021",2021,TV-PG,1 Season,Reality TV,"Dale Brisby uses social media savvy and rodeo skills to keep cowboy traditions alive — and now he's teaching the world how to cowboy right, ol' son."
s149,TV Show,HQ Barbers,Gerhard Mostert,"Hakeem Kae-Kazim, Chioma Omeruah, Orukotan Adejola, Flora Chiedo, Emeka Nwagbaraocha, Anthony Oseyemi, Oluwabukola Thomas, Soibifaa Dokubo",,"September 1, 2021",2020,TV-14,1 Season,TV Shows,"When a family run barber shop in the heart of Lagos is threatened by real estate developers, they'll do whatever it takes to stay in business."
s182,TV Show,Turning Point: 9/11 and the War on Terror,,,,"September 1, 2021",2021,TV-14,1 Season,Docuseries,"This unflinching series documents the 9/11 terrorist attacks, from Al Qaeda's roots in the 1980s to America's response, both at home and abroad."
s185,TV Show,Sparking Joy,,Marie Kondo,United States,"August 31, 2021",2021,TV-PG,1 Season,Reality TV,"In this reality series, Marie Kondo brings her joyful tidying tactics to people struggling to balance work and home life — and shares her own world."
s186,Movie,Untold: Crime & Penalties,"Chapman Way, Maclain Way",,,"August 31, 2021",2021,TV-MA,86 min,"Documentaries, Sports Movies","They were the bad boys of hockey — a team bought by a man with mob ties, run by his 17-year-old son, and with a rep for being as violent as they were good."
s187,TV Show,Hometown Cha-Cha-Cha,,"Shin Min-a, Kim Seon-ho, Lee Sang-yi, Gong Min-jeung, Kim Young-ok, Cho Han-cheul, In Gyo-jin, Lee Bong-ryeon, Cha Cheong-hwa, Kang Hyung-suk",,"August 29, 2021",2021,TV-14,1 Season,"International TV Shows, Romantic TV Shows, TV Comedies","A big-city dentist opens up a practice in a close-knit seaside village, home to a charming jack-of-all-trades who is her polar opposite in every way."
s188,TV Show,The Ingenuity of the Househusband,,Kenjiro Tsuda,,"August 29, 2021",2021,TV-G,1 Season,"International TV Shows, TV Comedies",A tough guy with a knack for housework tackles household tasks with meticulous care in these comedic live-action vignettes.
s190,TV Show,Bread Barbershop,,"Um Sang-hyun, Park Yoon-hee, Kang Shi-hyun, Hong Bum-ki, Kim Hyun-wook, Lee In-suk, Song Ha-rim",,"August 28, 2021",2020,TV-Y,2 Seasons,"Kids' TV, TV Comedies","In a town filled with food, Bread is a master cake decorator who gives life-changing makeovers that will put any customer in an amazing mood."
s191,Movie,Thimmarusu,Sharan Koppisetty,"Satya Dev, Priyanka Jawalkar, Brahmaji",India,"August 28, 2021",2021,TV-14,125 min,"Dramas, International Movies","Eight years after a young man is framed for murder, an up-and-coming lawyer re-opens the case, beginning a tricky mission to find the real culprit."
s194,TV Show,D.P.,,"Jung Hae-in, Koo Kyo-hwan, Kim Sung-kyun, Son Suk-ku",", South Korea","August 27, 2021",2021,TV-MA,1 Season,"International TV Shows, TV Dramas",A young private’s assignment to capture army deserters reveals the painful reality endured by each enlistee during his compulsory call of duty.
s197,Movie,He's All That,Mark Waters,"Addison Rae, Tanner Buchanan, Rachael Leigh Cook, Madison Pettis, Isabella Crovetti, Matthew Lillard, Peyton Meyer, Annie Jacob, Myra Molloy, Kourtney Kardashian",,"August 27, 2021",2021,TV-14,92 min,"Comedies, Romantic Movies","An influencer specializing in makeovers bets she can transform an unpopular classmate into prom king in this remake of the teen classic ""She's All That."""
s198,TV Show,I Heart Arlo,,"Michael J. Woodard, Mary Lambert, Jonathan Van Ness, Haley Tju, Brett Gelman, Tony Hale, Vincent Rodriguez III, Annie Potts, Jessica Williams, Melissa Villaseñor, Cathy Vu, Jennifer Coolidge, Flea",,"August 27, 2021",2021,TV-Y7,1 Season,"Kids' TV, TV Comedies",It's a whole new world for Arlo and his one-of-a kind pals when they set out to restore a run-down New York City neighborhood — and make it their own.
s199,TV Show,King of Boys: The Return of the King,Kemi Adetiba,"Sola Sobowale, Toni Tones, Richard Mofe-Damijo, Efa Iwara, Titi Kuti, Tobechukwu ""iLLbliss"" Ejiofor, Remilekun ""Reminisce"" Safaru, Charles  ""Charly Boy"" Oputa, Nse Ikpe-Etim, Keppy Ekpenyong Bassey, Bimbo Manuel, Akin Lewis, Lord Frank, Osas Ighodaro, Taiwo Ajai-Lycett, Paul Sambo",Nigeria,"August 27, 2021",2021,TV-MA,1 Season,"Crime TV Shows, International TV Shows, TV Dramas","Alhaja Eniola Salami starts anew and sets her sights on a different position of power, fueled by revenge, regret and ruthlessness."
s214,TV Show,RIDE ON TIME,,"King & Prince, Hey! Say! JUMP, KAT-TUN, NEWS, Kansai Johnny's Jr., Snow Man, Tomoyuki Yara, Travis Japan, Bi shonen, SixTONES, HiHi Jets, Kis-My-Ft2, Koichi Domoto",,"August 27, 2021",2021,TV-PG,3 Seasons,"Docuseries, International TV Shows",Take a deep dive into the beautiful world of Japan's top male idol groups from number one producer Johnny's in this revealing docuseries.
s215,Movie,SAS: Rise of the Black Swan,Magnus Martens,"Sam Heughan, Ruby Rose, Andy Serkis, Hannah John-Kamen, Tom Wilkinson, Tom Hopper, Noel Clarke, Anne Reid, Owain Yeoman, Jing Lusi, Ray Panthaki, Richard McCabe, Douglas Reith",,"August 27, 2021",2021,R,124 min,"Action & Adventure, International Movies","A special forces operative traveling from London to Paris with his girlfriend takes action when armed, ruthless mercenaries seize control of their train."
s219,TV Show,Titletown High,,,,"August 27, 2021",2021,TV-14,1 Season,"Reality TV, Teen TV Shows","In a Georgia town where football rules and winning is paramount, a high school team tackles romance, rivalries and real life while vying for a title."
s220,TV Show,EDENS ZERO,,"Takuma Terashima, Mikako Komatsu, Rie Kugimiya, Hiromichi Tezuka, Shiori Izawa, Shiki Aoki, Sayaka Ohara, Hochu Otsuka, Kikuko Inoue",Japan,"August 26, 2021",2021,TV-14,1 Season,"Anime Series, International TV Shows","Aboard the Edens Zero, a lonely boy with the ability to control gravity embarks on an adventure to meet the fabled space goddess known as Mother."
s221,TV Show,Family Reunion,,"Loretta Devine, Tia Mowry-Hardrict, Anthony Alabi, Talia Jackson, Isaiah Russell-Bailey, Cameron J. Wright, Jordyn Raya James, Richard Roundtree",United States,"August 26, 2021",2021,TV-PG,4 Seasons,"Kids' TV, TV Comedies","When the McKellan family moves from Seattle to small-town Georgia, life down South – and traditional grandparents – challenge their big-city ways."
s222,Movie,"Bob Ross: Happy Accidents, Betrayal & Greed",Joshua Rofé,Bob Ross,,"August 25, 2021",2021,TV-14,93 min,Documentaries,Bob Ross brought joy to millions as the world’s most famous art instructor. But a battle for his business empire cast a shadow over his happy trees.
s223,TV Show,Clickbait,Brad Anderson,"Zoe Kazan, Betty Gabriel, Adrian Grenier, Phoenix Raei, Abraham Lim, Jessica Collins, Camaron Engels, Jaylin Fletcher, Liz Alexander, Joyce Guy, Daniel Henshall, Ian Meadows, Jamie Timony, Steve Mouzakis, Becca Lish",,"August 25, 2021",2021,TV-MA,1 Season,"Crime TV Shows, TV Dramas, TV Mysteries","When family man Nick Brewer is abducted in a crime with a sinister online twist, those closest to him race to uncover who is behind it and why."
s224,TV Show,John of God: The Crimes of a Spiritual Healer,"Mauricio Dias, Tatiana Villela",,,"August 25, 2021",2021,TV-MA,1 Season,"Crime TV Shows, Docuseries, International TV Shows","Idolized medium João Teixeira de Faria rises to international fame before horrifying abuse is revealed by survivors, prosecutors and the press."
s225,TV Show,Motel Makeover,,,,"August 25, 2021",2021,TV-14,1 Season,"International TV Shows, Reality TV","Amid project pitfalls and a pandemic, besties-turned-business partners bring their design magic to a rundown motel and revamp it into a go-to getaway."
s226,TV Show,Open Your Eyes,,"Maria Wawreniuk, Ignacy Liss, Michał Sikorski, Wojciech Dolatowski, Klaudia Koścista, Zuzanna Galewicz, Marta Nieradkiewicz, Sara Celler Jezierska, Pola Król, Marcin Czarnik, Martyna Nowakowska",,"August 25, 2021",2021,TV-MA,1 Season,"International TV Shows, TV Dramas, TV Mysteries","After a tragic accident, an amnesiac teen tries to rebuild her life at a memory disorders center but becomes suspicious of her unconventional treatment."
s227,TV Show,Post Mortem: No One Dies in Skarnes,,"Kathrine Thorborg Johansen, Elias Holmen Sørensen, André Sørum, Kim Fairchild, Sara Khorami, Terje Strømdahl, Øystein Røger, Marianne Jonger, Martin Karelius",,"August 25, 2021",2021,TV-MA,1 Season,"International TV Shows, TV Comedies, TV Dramas","She's back from the dead and has a newfound thirst for blood. Meanwhile, her family's funeral parlor desperately needs more business. Hmm, what if..."
s228,Movie,Really Love,Angel Kristi Williams,"Kofi Siriboe, Yootha Wong-Loi-Sing, Michael Ealy, Uzo Aduba",United States,"August 25, 2021",2020,TV-MA,95 min,"Dramas, Independent Movies, Romantic Movies",A rising Black painter tries to break into a competitive art world while balancing an unexpected romance with an ambitious law student.
s230,Movie,The Old Ways,Christopher Alender,"Brigitte Kali Canales, Andrea Cortes, Julia Vera, Sal Lopez",United States,"August 25, 2021",2020,TV-MA,90 min,Horror Movies,"A reporter visits her birthplace in Veracruz for a story about tribal culture, only to be kidnapped by locals who believe she's demonically possessed."
s231,Movie,The River Runner,Rush Sturges,,,"August 25, 2021",2021,TV-MA,86 min,"Documentaries, Sports Movies","In this documentary, a kayaker sets out to become the first man to paddle the four great rivers that flow from Tibet's sacred Mount Kailash."
s232,Movie,The Water Man,David Oyelowo,"David Oyelowo, Rosario Dawson, Lonnie Chavis, Amiah Miller, Alfred Molina, Maria Bello",United States,"August 25, 2021",2021,PG,92 min,"Children & Family Movies, Dramas","Desperate to save his ailing mother, 11-year-old Gunner runs away from home on a quest to find a mythic figure rumored to have the power to cheat death."
s234,Movie,Count Me In,Mark Lo,,United Kingdom,"August 24, 2021",2021,TV-MA,82 min,"Documentaries, Music & Musicals",This documentary features some of rock's greatest drummers as they come together in an inspiring rhythmic journey about the power of human connection.
s235,TV Show,Oggy Oggy,,,,"August 24, 2021",2021,TV-Y,1 Season,"Kids' TV, TV Comedies",Join adorable kitten Oggy and his cast of cat pals in a bright and colorful kitty world. They're always on the go for fun times and fantastic adventures!
s236,Movie,Untold: Caitlyn Jenner,Crystal Moselle,,,"August 24, 2021",2021,TV-PG,70 min,"Documentaries, LGBTQ Movies, Sports Movies",Caitlyn Jenner's unlikely path to Olympic glory was inspirational. But her more challenging road to embracing her true self proved even more meaningful.
s237,Movie,Boomika,Rathindran R Prasad,"Aishwarya Rajesh, Vidhu, Surya Ganapathy, Madhuri, Pavel Navageethan, Avantika Vandanapu",,"August 23, 2021",2021,TV-14,122 min,"Horror Movies, International Movies, Thrillers","Paranormal activity at a lush, abandoned property alarms a group eager to redevelop the site, but the eerie events may not be as unearthly as they think."
s238,Movie,Boomika (Hindi),Rathindran R Prasad,"Aishwarya Rajesh, Vidhu, Surya Ganapathy, Madhuri, Pavel Navageethan, Avantika Vandanapu",,"August 23, 2021",2021,TV-14,122 min,"Horror Movies, International Movies, Thrillers","Paranormal activity at a lush, abandoned property alarms a group eager to redevelop the site, but the eerie events may not be as unearthly as they think."
s239,Movie,Boomika (Malayalam),Rathindran R Prasad,"Aishwarya Rajesh, Vidhu, Surya Ganapathy, Madhuri, Pavel Navageethan, Avantika Vandanapu",,"August 23, 2021",2021,TV-14,122 min,"Horror Movies, International Movies, Thrillers","Paranormal activity at a lush, abandoned property alarms a group eager to redevelop the site, but the eerie events may not be as unearthly as they think."
s240,Movie,Boomika (Telugu),Rathindran R Prasad,"Aishwarya Rajesh, Vidhu, Surya Ganapathy, Madhuri, Pavel Navageethan, Avantika Vandanapu",,"August 23, 2021",2021,TV-14,122 min,"Horror Movies, International Movies, Thrillers","Paranormal activity at a lush, abandoned property alarms a group eager to redevelop the site, but the eerie events may not be as unearthly as they think."
s241,Movie,The Witcher: Nightmare of the Wolf,Han Kwang Il,"Theo James, Mary McDonnell, Lara Pulver, Graham McTavish, Tom Canton, David Errigo Jr, Jennifer Hale, Kari Wahlgren, Matt Yang King, Darryl Kurylo, Keith Ferguson",,"August 23, 2021",2021,TV-MA,84 min,"Action & Adventure, Anime Features","Escaping from poverty to become a witcher, Vesemir slays monsters for coin and glory, but when a new menace rises, he must face the demons of his past."
s242,TV Show,Manifest,,"Melissa Roxburgh, Josh Dallas, Athena Karkanis, J.R. Ramirez, Luna Blaise, Jack Messina, Parveen Kaur",United States,"August 21, 2021",2021,TV-14,3 Seasons,"TV Dramas, TV Mysteries, TV Sci-Fi & Fantasy","When a plane mysteriously lands years after takeoff, the people onboard return to a world that has moved on without them and face strange, new realities."
s243,TV Show,Comedy Premium League,,,,"August 20, 2021",2021,TV-MA,1 Season,"International TV Shows, TV Comedies","With satirical sketches, cheeky debates and blistering roasts, 16 of India’s wittiest entertainers compete in teams to be named the ultimate comedy champs."
s244,TV Show,Everything Will Be Fine,,"Lucía Uribe, Flavio Medina, Isabella Vazquez Morales, Pierre Louis, Mercedes Hernández",,"August 20, 2021",2021,TV-MA,1 Season,"International TV Shows, Spanish-Language TV Shows, TV Comedies",A separated couple live together for their child's sake in this satirical dramedy about what it means to be a good parent and spouse in today's world.
s246,TV Show,Korean Cold Noodle Rhapsody,,Paik Jong-won,,"August 20, 2021",2021,TV-PG,1 Season,"Docuseries, International TV Shows","Refreshing and flavorful, naengmyeon is Korea's coolest summertime staple. A journey through its history begins, from how it's cooked to how it's loved."
s247,Movie,Man in Love,Yin Chen-hao,"Roy Chiu, Ann Hsu, Tsai Chen-nan, Chung Hsin-ling, Lan Wei-hua, Peace Yang, Huang Lu Tz-yin",,"August 20, 2021",2021,TV-MA,115 min,"Dramas, International Movies, Romantic Movies","When he meets a debt-ridden woman who's caring for her ailing father, a debt collector with a heart of gold sets out to win her love."
s248,Movie,Sweet Girl,Brian Andrew Mendoza,"Jason Momoa, Isabela Merced, Manuel Garcia-Rulfo, Amy Brenneman, Adria Arjona, Raza Jaffrey, Justin Bartha, Lex Scott Davis, Michael Raymond-James",United States,"August 20, 2021",2021,R,110 min,"Action & Adventure, Dramas","He lost the love of his life to a pharmaceutical company's greed. Now his daughter is without a mother, and he's without justice. For now."
s249,TV Show,The Chair,,"Sandra Oh, Jay Duplass, Holland Taylor, David Morse, Bob Balaban, Nana Mensah, Everly Carganilla",,"August 20, 2021",2021,TV-MA,1 Season,"TV Comedies, TV Dramas","At a major university, the first woman of color to become chair tries to meet the dizzying demands and high expectations of a failing English department."
s250,Movie,The Loud House Movie,Dave Needham,"Asher Bishop, David Tennant, Michelle Gomez, Jill Talley, Brian Stepanek, Catherine Taber, Liliana Mumy, Nika Futterman, Cristina Pucelli, Jessica DiCicco, Grey Griffin, Lara Jill Miller",,"August 20, 2021",2021,TV-Y7,88 min,"Children & Family Movies, Comedies, Music & Musicals","With his parents and all 10 sisters in tow, Lincoln Loud heads to Scotland and learns that royalty runs in the family in this global musical journey!"
s251,Movie,A Faraway Land,Veronica Velasco,"Paolo Contis, Yen Santos, Hans Tórgarð, Ruby Ruiz, Zweden Obias, Maria Rianne Castro, Arianne Mavis Uera, Maricor Canlas",,"August 19, 2021",2020,TV-PG,102 min,"Dramas, International Movies, Romantic Movies","In the Faroe Islands, a married woman meets a reporter filming a documentary on overseas Filipino workers, which soon sparks a complicated love story."
s253,Movie,Black Island,Miguel Alexandre,"Philip Froissant, Alice Dwyer, Hanns Zischler, Mercedes Müller, Sammy Scheuritzel, Lieselotte Voß, Katharina Schütz, Jodie Leslie Ahlborn, Marco Wittorf, Ilknur Boyraz",,"August 18, 2021",2021,TV-MA,105 min,"International Movies, Thrillers",The dark secrets of a seemingly peaceful island threaten to swallow up an orphaned student when he grows close to a mysterious new teacher.
s255,TV Show,Go! Go! Cory Carson,,"Alan C. Lim, Paul Killam, Maisie Benson, Kerry Gudjohnsen, Smith Foreman, Neena-Sinaii Simpo, Eli Morse, Adelaide Hirasaki, Jim Capobianco, Anna Chambers, Pfifer Chastain",United States,"August 18, 2021",2021,TV-Y,5 Seasons,Kids' TV,"Beep, beep – go, go! Buckle up for fun and adventure with adorable kid car Cory Carson as he explores the winding roads of Bumperton Hills."
s256,Movie,Memories of a Murderer: The Nilsen Tapes,Michael Harte,,,"August 18, 2021",2021,TV-MA,86 min,"Documentaries, International Movies",Serial killer Dennis Nilsen narrates his life and horrific crimes via a series of chilling audiotapes recorded from his jail cell.
s257,Movie,Nneka The Pretty Serpent,Tosin Igho,"Idia Aisien, Ndidi Obi, Kenneth Okolie, Zack Orji, Bovi Ugboma, Bimbo Ademoye, Beverly Osu, Beverly Naya, Larry Gaaga, Shaffy Bello, Chioma Chukwuka Akpotha, Waje",,"August 18, 2021",2020,TV-14,140 min,"Dramas, International Movies","Years after the mysterious murder of her parents, a traumatized woman gains supernatural powers that aid in her quest for revenge against the killers."
s259,Movie,Out of my league,Alice Filippi,"Ludovica Francesconi, Giuseppe Maggio, Gaja Masciale, Jozef Gjura, Eleonora Gaggero, Franco Ravera, Elisabetta Coraini, Michele Franco, Edoardo Rossi",,"August 18, 2021",2020,TV-MA,92 min,"Comedies, Dramas, International Movies","Tired of swiping through the dating scene with her besties in tow, a charming yet awkward woman with a rare genetic disorder sets her sights on love."
s261,TV Show,The Defeated,,"Taylor Kitsch, Nina Hoss, Logan Marshall-Green, Michael C. Hall, Tuppence Middleton, Mala Emde, Maximilian Ehrenreich, Sebastian Koch, Anne Ratte-Polle, Lena Dörrie, Benjamin Sadler",,"August 18, 2021",2020,TV-MA,1 Season,"Crime TV Shows, International TV Shows, TV Dramas","In 1946 Berlin, an American cop searches for his missing brother while helping a novice German policewoman fight the violent crimes engulfing the city."
s262,Movie,The Secret Diary of an Exchange Student,Bruno Garotti,"Larissa Manoela, Thati Lopes, Bruno Montaleone, David Sherod James, Maiara Walsh, Flávia Garrafa, Kathy-Ann Hart, Ray Faiola, Noa Graham",,"August 18, 2021",2021,TV-14,97 min,"Comedies, International Movies, Romantic Movies","Looking to shake things up, two best friends embark on a life-changing adventure abroad as exchange students. But can they stay out of trouble?"
s263,Movie,Untold: Deal With the Devil,Laura Brownson,,,"August 18, 2021",2021,TV-MA,78 min,"Documentaries, LGBTQ Movies, Sports Movies","Christy Martin broke boundaries and noses as she rose in the boxing world, but her public persona belied personal demons, abuse and a threat on her life."
s267,TV Show,The Creative Indians,,,India,"August 15, 2021",2020,TV-MA,1 Season,"Docuseries, International TV Shows","From chefs and comedians to filmmakers and fashion designers, India’s most notable imaginative minds share their artistic journeys."
s269,Movie,Unroyal,Moses Inwang,"Matilda Lambert, Ik Ogbonna, Prince Sontoye, Blossom Chukwujekwu, Linda Osifo, Emem Inwang, Pete Edochie, Shaffy Bello, Okon Imeh  Bishop, Chinenye Nnebe, Femi Adebayo",,"August 15, 2021",2020,TV-MA,97 min,"Dramas, International Movies","When a rude and arrogant princess finds herself relying on a gatekeeper after a terrible accident, it may be enough to make her change her ways."
s271,Movie,Beckett,Ferdinando Cito Filomarino,"John David Washington, Boyd Holbrook, Alicia Vikander, Vicky Krieps, Lena Kitsopoulou, Panos Koronis, Maria Votti","Italy, Brazil, Greece","August 13, 2021",2021,TV-MA,110 min,Action & Adventure,An American tourist goes on the run in Greece after a tragic accident plunges him into a political conspiracy that makes him a target for assassination.
s272,TV Show,Brand New Cherry Flavor,,"Rosa Salazar, Eric Lange, Catherine Keener, Jeff Ward, Manny Jacinto, Hannah Levien, Patrick Fischler",United States,"August 13, 2021",2021,TV-MA,1 Season,"TV Dramas, TV Horror, TV Mysteries","A filmmaker heads to Hollywood in the early '90s to make her movie but tumbles down a hallucinatory rabbit hole of sex, magic, revenge — and kittens."
s273,TV Show,Fast & Furious Spy Racers,,"Tyler Posey, Charlet Chung, Jorge Diaz, Camille Ramsey, Luke Youngblood, Renée Elise Goldsberry",United States,"August 13, 2021",2021,TV-Y7,5 Seasons,Kids' TV,A government agency recruits teen driver Tony Toretto and his thrill-seeking friends to infiltrate a criminal street racing circuit as undercover spies.
s274,TV Show,Gone for Good,Juan Carlos Medina,"Finnegan Oldfield, Nicolas Duvauchelle, Guillaume Gouix, Garance Marillier, Nailia Harzoune",France,"August 13, 2021",2021,TV-MA,1 Season,"Crime TV Shows, International TV Shows, TV Dramas","Ten years after losing two loved ones, a man is plunged into another dizzying mystery when his girlfriend vanishes. Based on a Harlan Coben novel."
s275,TV Show,Grace and Frankie,,"Jane Fonda, Lily Tomlin, Martin Sheen, Sam Waterston, June Diane Raphael, Brooklyn Decker, Ethan Embry, Baron Vaughn",United States,"August 13, 2021",2021,TV-MA,7 Seasons,"TV Comedies, TV Dramas","They’re not friends, but when their husbands leave them for each other, proper Grace and eccentric Frankie begin to bond in this Emmy-nominated series."
s276,TV Show,The Kingdom,,"Chino Darín, Nancy Dupláa, Joaquín Furriel, Peter Lanzani, Mercedes Morán, Diego Peretti, Vera Spinetta, Nico García Hume, Victoria Almeida, Santiago Korovsky, Patricio Aramburu, Alfonso Tort, Diego Gentile, Néstor Guzzini, Daniel Kuzniecka",Argentina,"August 13, 2021",2021,TV-MA,1 Season,"Crime TV Shows, International TV Shows, Spanish-Language TV Shows","After his running mate's murder, a controversial televangelist becomes Argentina's presidential candidate. But nothing about him is as holy as he seems."
s277,TV Show,Valeria,Inma Torrente,"Diana Gómez, Silma López, Paula Malia, Teresa Riott, Maxi Iglesias, Ibrahim Al Shami",Spain,"August 13, 2021",2021,TV-MA,2 Seasons,"International TV Shows, Romantic TV Shows, Spanish-Language TV Shows","A writer in creative and marital crises finds support from three friends, who are also discovering themselves. Based on the novels by Elísabet Benavent."
s278,TV Show,AlRawabi School for Girls,,"Andria Tayeh, Rakeen Sa'ad, Noor Taher, Yara Mustafa, Joanna Arida, Salsabiela, Nadera Emran, Reem Saadeh",Jordan,"August 12, 2021",2021,TV-14,1 Season,"International TV Shows, TV Dramas, Teen TV Shows",The bullied outcasts at prestigious Al Rawabi School for Girls plot a series of risky takedowns to get back at their tormentors.
s279,Movie,Lokillo: Nothing's the Same,Julián Gaviria,Lokillo Florez,Colombia,"August 12, 2021",2021,TV-MA,64 min,Stand-Up Comedy,"Through songs and puns, comedian Lokillo Florez hilariously reviews how Latin Americans have adjusted to a new world where no-hugging policies prevail."
s280,Movie,Monster Hunter: Legends of the Guild,Steven Yamamoto,"Ben Rausch, Erica Lindbeck, Dante Basco, Brando Eaton, Stephen Kramer Glickman, Caroline Caliston, G.K. Bowes, Dan McCoy","United States, Japan","August 12, 2021",2021,TV-PG,59 min,"Action & Adventure, Anime Features, Children & Family Movies","In a world where humans and fearsome monsters live in an uneasy balance, young hunter Aiden fights to save his village from destruction by a dragon."
s281,TV Show,Bake Squad,,,United States,"August 11, 2021",2021,TV-PG,1 Season,Reality TV,Expert bakers elevate desserts with next-level ideas and epic execution. Now the battle is on to win over clients in need of very special sweets.
s283,Movie,La diosa del asfalto,Julián Hernández,"Ximena Romo, Mabel Cadena, Alejandra Herrera, Nelly González, Samantha Orozco, Axel Arenas, Esteban Caicedo, Paulina Goto, Raquel Robles, Baby Bátiz, Pascacio López, Juán Carlos Torres, Javier Oliván, Claudia Lobo, Giovanna Zacarías",Mexico,"August 11, 2021",2020,TV-MA,127 min,"Dramas, Independent Movies, International Movies","A woman from a tough neighborhood outside Mexico City comes home a rock star, inadvertently provoking a confrontation with the ghosts of her past."
s284,Movie,Misha and the Wolves,Sam Hobkinson,,"Belgium, United Kingdom","August 11, 2021",2021,PG-13,90 min,"Documentaries, International Movies","As a little girl, she escaped the Holocaust and lived among wolves. Or did she? An extraordinary story elicits sympathy — then draws scrutiny."
s285,Movie,The Kissing Booth 3,Vince Marcello,"Joey King, Joel Courtney, Jacob Elordi, Molly Ringwald, Taylor Zakhar Perez, Maisie Richardson-Sellers, Meganne Young, Stephen Jennings","United Kingdom, United States","August 11, 2021",2021,TV-14,114 min,"Comedies, Romantic Movies","Determined to make the most of her final summer before college, Elle plans the ultimate bucket list as she navigates what comes next with Noah and Lee."
s287,TV Show,Gabby's Dollhouse,,"Laila Lockhart Kraner, Tucker Chandler, Juliet Donenfeld, Maggi Lowe, Donovan Patton, Eduardo Franco, Tara Strong, Secunda Wood, Carla Tassara, Sainty Nelsen",United States,"August 10, 2021",2021,TV-Y,2 Seasons,Kids' TV,"Cute cats, quirky crafts and colorful magic! Join kitty enthusiast Gabby and her sidekick Pandy Paws as they team up for a series of animated adventures."
s288,TV Show,I Need Romance,Sakon Tiacharoen,"Khemanit Jamikorn, Thitipoom Techaapaikhun, Kannaporn Puangthong, Premmanat Suwannanon, Mintita Wattanakul, Thames Sanpakit, Katareeya Theapchatri, Phanuroj Chalermkijporntavee, Jirapisit Jaravijit",,"August 10, 2021",2021,TV-14,1 Season,"International TV Shows, Romantic TV Shows, TV Comedies","A workaholic who lost interest in romance reunites with an old flame and gifted music composer, who's determined to restore her belief in love."
s291,Movie,Untold: Malice at the Palace,Floyd Russ,,United States,"August 10, 2021",2021,TV-MA,70 min,"Documentaries, Sports Movies","Key figures from an infamous 2004 incident between players and fans at an NBA game in Michigan discuss the fight, its fallout and its lasting legacy."
s292,TV Show,SHAMAN KING,,"Yoko Hikasa, Katsuyuki Konishi, Megumi Hayashibara, Inuko Inuyama, Romi Park, Kosuke Takaguchi, Masahiko Tanaka, Wataru Takagi, Yuji Ueda, Megumi Nakajima, Takehito Koyasu, Yoko Soumi, Motoko Kumai, Yui Horie, Yuichi Nakamura, Nana Mizuki, Takumu Miyazono, Noriaki Kanze, Michiko Neya, Toru Sakurai, Rina Hidaka, Masakazu Morita, Minami Takayama",Japan,"August 9, 2021",2021,TV-14,1 Season,"Anime Series, International TV Shows","Medium Yoh Asakura enters a battle tournament held every 500 years, competing with other shamans in a bid to become the all-powerful Shaman King."
s294,Movie,Slay,Adze Ugah,"Enhle Mbali, Ramsey Nouah, Dawn Thandeka Kang, Idris Sultan, Tumi Morake, Trevor Gumbi, Lillian Dube, Kaly Bossy Asante, Shaleen Surtie, Fabian Lojege",South Africa,"August 8, 2021",2021,TV-MA,86 min,"Comedies, International Movies, Romantic Movies","In pursuit of both success and validation, a group of tech-savvy individuals juggle intimate encounters, first impressions and romantic opportunities."
s295,Movie,Takizawa Kabuki ZERO 2020 The Movie,Hideaki Takizawa,"Hikaru Iwamoto, Tatsuya Fukazawa, Raul, Shota Watanabe, Koji Mukai, Ryohei Abe, Ren Meguro, Ryota Miyadate, Daisuke Sakuma, Arata Sato, Tatsuya Kageyama, Taiga Suzuki, Shunsuke Motoi, Taiga Tsubaki, Yuki Yokohara, Minato Matsui, Shosei Oda",,"August 7, 2021",2020,TV-PG,139 min,"International Movies, Music & Musicals","Superstar Hideaki Takizawa reimagines his acclaimed kabuki production for the screen, featuring the dynamic talents of idol group Snow Man."
s296,Movie,The Paper Tigers,Quoc Bao Tran,"Alain Uy, Ron Yuan, Mykel Shannon Jenkins, Jae Suh Park, Matthew Page, Joziah Lagonoy, Raymond Ma",United States,"August 7, 2021",2021,PG-13,111 min,"Action & Adventure, Comedies","After reuniting as middle-aged men, three kung-fu prodigies must set their differences aside and dust off their skills to avenge their beloved mentor."
s297,TV Show,Hit & Run,,"Lior Raz, Kaelen Ohm, Sanaa Lathan, Moran Rosenblatt, Lior Ashkenazi, Gregg Henry, Gal Toren","Israel, United States","August 6, 2021",2021,TV-MA,1 Season,"TV Action & Adventure, TV Dramas, TV Mysteries",A man searching for the truth behind his wife's death becomes caught up in a dangerous web of secrets and intrigue stretching from New York to Tel Aviv.
s298,TV Show,Navarasa,"Bejoy Nambiar, Priyadarshan, Karthik Narain, Vasanth Sai, Karthik Subbaraj, Arvind Swamy, Rathindran R Prasad, Sarjun, Gautham Vasudev Menon","Suriya, Vijay Sethupathi, Revathy, Prakash Raj, Siddarth, Parvathy, Delhi Ganesh, Gautham Vasudev Menon, Anjali, Yogi Babu, Aditi Balan, Remya Nambeesan, Poorna, Prayaga Martin, Rythvika Suriya, Arvind Swamy, Prasanna, Atharva, Bobby Simha, Ashok Selvan, Nedumudi Venu, Kishore",India,"August 6, 2021",2021,TV-MA,1 Season,TV Shows,"From amusement to awe, the nine human emotions of Indian aesthetic theory are explored in this anthology series."
s299,Movie,Quam's Money,Kayode Kasum,"Falz, Nse Ikpe-Etim, Williams Uchemba, Toni Tones, Michelle Dede, Karibi Fubara, Buchi Ojei, Jemima Osunde, Blossom Chukwujekwu, Gbubemi Ejeye, Badmus Olakunle",Nigeria,"August 6, 2021",2020,TV-MA,115 min,"Comedies, Dramas, International Movies","In this sequel to ""New Money,"" Quam, a security guard turned multimillionaire, lives the good life with his fortune until he falls victim to fraud."
s300,Movie,The Swarm,Just Philippot,"Suliane Brahim, Sofian Khammes, Marie Narbonne, Raphaël Romand, Stéphan Castang, Victor Bonnel, Christian Bouillette, Renan Prévot, Vincent Deniard",France,"August 6, 2021",2021,TV-14,102 min,"Horror Movies, Independent Movies, International Movies","A single mother breeds locusts as high-protein food, but has trouble getting them to reproduce — until she finds they have a taste for blood."
s301,Movie,Vivo,"Kirk DeMicco, Brandon Jeffords","Lin-Manuel Miranda, Ynairaly Simo, Zoe Saldana, Juan de Marcos, Brian Tyree Henry, Gloria Estefan, Michael Rooker, Nicole Byer","Canada, United States","August 6, 2021",2021,PG,100 min,"Children & Family Movies, Music & Musicals",A music-loving kinkajou embarks on the journey of a lifetime to fulfill his destiny and deliver a love song for an old friend.
s305,Movie,Lady Boss: The Jackie Collins Story,Laura Fairrie,Jackie Collins,United Kingdom,"August 5, 2021",2021,TV-14,97 min,Documentaries,"""Queen of Sleaze"" or feminist pioneer? Powerhouse novelist Jackie Collins created a brash sex-positive persona while hiding her private struggles."
